"Pred_Feature_2","Pred_Feature_3","Pred_Feature_4","Pred_Feature_5","Pred_Epsilon","Pred_% Error","Epsilon"
"0.8145461743020685","0.7949602265889221","0.907815852503524","0.9319720691968373","3.484610780694726","0.9999825769460965","200000"
"0.9481311175559495","0.6132467887756472","0.9167146119578825","0.7022642408197249","3.484610780694726","0.9999825769460965","200000"
"0.6841635827974576","0.6398177420702797","0.9617533177458597","0.9251851312284227","3.484610780694726","0.9999825769460965","200000"
"0.9769208873095736","0.5925090242581501","0.9726843599648843","0.7148159936743647","3.484610780694726","0.9999825769460965","200000"
"0.7991736941250687","0.2572055385286428","0.9601078668337489","1","3.484610780694726","0.9999825769460965","200000"
"0.714816281126361","0.31160836653171786","0.9649709995361269","0.9450482237927939","3.484610780694726","0.9999825769460965","200000"
"0.7447493439073252","0.8307121520623696","0.9266826152438743","0.9126267637037832","3.484610780694726","0.9999825769460965","200000"
"0.6236520549766147","0.10066950049906559","0.9889389404604222","0.877619941175095","3.484610780694726","0.9999825769460965","200000"
"0.5732164465961924","0.389770828777654","0.971325293927578","0.9691823796114413","3.484610780694726","0.9999825769460965","200000"
"0.5940490841430761","0.5017003230442789","1","0.7512639533306891","3.484610780694726","0.9999825769460965","200000"